reg_date;point;ssic_1;ssic_2;local;id
19720103;4552;375;813;1;1
19720103;29;569;7;1;2
19720103;1856;928;769;1;3
19720103;7958;430;841;1;4
19720104;1978;676;388;1;5
19720104;688;813;"";1;6
19720104;317;1056;"";1;7
19720104;1171;1039;760;1;8
19720104;1310;569;468;1;9
19720104;141;439;430;1;10
19720104;5302;1056;"";1;11
19720105;29;801;"";"";12
19720106;82;847;569;1;13
19720106;24;106;569;1;14
19720106;15157;569;"";1;15
19720106;212;"";"";1;16
19720106;486;903;695;1;17
19720107;799;763;819;1;18
19720108;1284;488;569;1;19
19720108;1342;212;"";1;20
19720108;82;569;676;"";21
19720108;43;569;"";1;22
19720110;73;631;"";1;23
19720110;21;1056;"";1;24
19720110;44;762;"";1;25
19720110;242;569;"";1;26
19720110;18681;1056;"";1;27
19720111;82;569;"";"";28
19720111;481;661;"";1;29
19720111;3602;555;"";1;30
19720112;5899;567;"";1;31
19720113;16733;676;388;1;32
19720113;100;430;813;1;33
19720113;746;569;344;1;34
19720114;1603;569;468;1;35
19720114;2990;909;"";1;36
19720114;1258;1056;"";1;37
19720114;73;167;"";1;38
19720114;262;624;"";1;39
19720114;2144;864;"";1;40
19720115;30;569;"";1;41
19720115;4511;569;468;1;42
19720117;13;430;909;1;43
19720117;2990;375;"";1;44
19720117;1023;813;"";1;45
19720117;1603;95;103;1;46
19720117;2372;661;676;1;47
19720119;176;1056;"";1;48
19720119;481;569;95;1;49
19720119;43;858;769;1;50
19720119;100;813;"";1;51
19720119;262;801;761;1;52
19720120;3347;392;"";1;53
19720120;1342;695;903;1;54
19720121;2990;819;"";1;55
19720121;982;555;569;1;56
19720121;29;928;"";1;57
19720121;1143;903;"";1;58
19720121;24;542;1039;1;59
19720121;73;815;829;1;60
19720121;24;1056;"";1;61
19720121;5297;389;391;1;62
19720121;29;430;439;"";63
19720121;143;115;498;1;64
19720121;1171;555;"";1;65
19720122;74;438;"";1;66
19720122;688;762;"";1;67
19720122;4797;379;379;1;68
19720124;17241;430;439;1;69
19720125;29;569;"";1;70
19720125;5409;413;"";1;71
19720127;777;531;468;1;72
19720127;3129;650;"";1;73
19720127;2591;769;762;1;74
19720127;1293;430;439;1;75
19720127;175;1056;"";"";76
19720128;82;662;"";1;77
19720128;59;388;"";1;78
19720128;2568;516;"";1;79
19720128;82;395;468;1;80
19720129;1284;290;569;1;81
19720129;1680;503;523;1;82
19720131;261;1056;"";"";83
19720131;1861;1056;"";1;84
19720131;11113;106;468;1;85
19720131;688;282;73;1;86
19720131;295;766;"";1;87
19720131;155;815;"";1;88
19720131;295;805;"";"";89
19720131;13390;794;"";1;90
19720131;21;788;569;1;91
19720131;626;616;569;1;92
19720131;6236;1056;"";1;93
19720201;1095;813;763;1;94
19720201;22923;569;468;1;95
19720201;13793;763;"";1;96
19720201;33;1056;"";1;97
19720201;6504;1056;"";1;98
19720201;1284;762;"";1;99
19720201;175;388;"";1;100
19720201;1171;597;430;1;101
19720201;175;763;"";1;102
19720201;2144;676;696;1;103
19720201;2990;227;"";"";104
19720202;489;1056;"";1;105
19720202;414;569;468;1;106
19720202;2696;676;"";1;107
19720202;6674;263;"";1;108
19720203;22179;1056;"";1;109
19720203;1979;864;"";1;110
19720203;2151;428;842;1;111
19720203;94;903;"";1;112
19720204;755;1056;"";1;113
19720204;88;676;"";1;114
19720204;11296;95;"";1;115
19720204;38;769;"";1;116
19720204;1872;569;327;1;117
19720204;59;771;"";1;118
19720204;3347;761;"";1;119
19720204;59;569;"";1;120
19720204;4961;488;"";1;121
19720205;1913;822;"";1;122
19720205;1228;717;713;1;123
19720205;6195;1056;"";1;124
19720205;189;928;"";1;125
19720205;287;569;"";1;126
19720207;2029;791;"";1;127
19720207;21;1056;"";1;128
19720207;361;769;"";1;129
19720207;103;676;"";1;130
19720207;59;1056;"";1;131
19720207;1284;667;695;1;132
19720207;982;"";"";1;133
19720207;43;569;"";1;134
19720208;295;762;"";1;135
19720208;4552;762;"";1;136
19720209;10337;569;"";1;137
19720209;4762;555;"";1;138
19720209;982;468;"";1;139
19720209;1342;1056;"";1;140
19720209;1030;40;152;"";141
19720209;5102;569;468;1;142
19720209;70;815;"";1;143
19720210;21;1056;"";1;144
19720210;3032;833;"";1;145
19720210;122;695;"";1;146
19720210;1265;553;"";1;147
19720211;693;555;"";1;148
19720211;1023;696;"";1;149
19720211;799;473;"";1;150
19720211;261;134;"";1;151
19720211;695;531;"";1;152
19720211;385;819;"";1;153
19720211;1349;569;"";1;154
19720211;1873;1056;"";1;155
19720211;29;203;"";1;156
19720211;1131;569;"";1;157
19720211;43;157;569;1;158
19720212;1346;430;763;1;159
19720212;693;388;"";1;160
19720212;155;761;468;"";161
19720212;1603;676;567;1;162
19720214;59;1056;"";1;163
19720214;155;534;580;1;164
19720217;82;788;"";1;165
19720217;3032;829;"";1;166
19720217;10;430;"";1;167
19720218;1603;763;"";1;168
19720218;29;813;"";1;169
19720218;2990;835;"";1;170
19720218;1030;572;763;1;171
19720219;33;569;"";1;172
19720221;42;1056;"";1;173
19720221;1408;1056;"";1;174
19720222;4321;813;"";1;175
19720222;13768;801;"";1;176
19720222;359;813;"";1;177
19720223;4552;825;"";"";178
19720223;43;169;564;1;179
19720223;1284;829;"";1;180
19720223;295;1056;"";1;181
19720223;2543;430;"";1;182
19720224;21;1056;"";1;183
19720224;4879;813;"";1;184
19720224;82;1056;"";1;185
19720224;2990;269;569;1;186
19720224;29;1056;"";1;187
19720224;982;430;"";1;188
19720224;1023;762;"";1;189
19720225;1477;394;569;1;190
19720225;1585;1056;"";1;191
19720225;1565;291;"";1;192
19720225;29;569;"";1;193
19720226;43;430;914;1;194
19720226;6236;569;"";1;195
19720226;2029;569;"";1;196
19720226;2543;569;"";1;197
19720226;5034;813;"";1;198
19720228;10;813;"";1;199
19720228;45;696;"";1;200
19720228;6565;473;"";1;201
19720228;1023;188;"";1;202
19720228;4552;763;"";1;203
19720228;1456;624;763;1;204
19720228;43;762;"";1;205
19720228;12555;"";"";1;206
19720229;2027;539;"";1;207
19720229;1284;569;"";1;208
19720229;2990;762;"";1;209
19720229;8355;676;"";1;210
19720229;579;569;763;1;211
19720229;659;624;"";1;212
19720229;29;1056;"";1;213
19720301;20022;439;"";1;214
19720301;1723;1011;"";1;215
19720302;14986;560;"";1;216
19720302;43;569;10;1;217
19720302;1603;430;439;1;218
19720302;22781;569;468;1;219
19720302;1044;534;467;1;220
19720302;1293;569;"";1;221
19720302;143;569;468;1;222
19720303;8707;1056;"";1;223
19720303;9241;569;439;1;224
19720303;1723;104;569;1;225
19720303;21;1056;"";1;226
19720303;29;909;"";1;227
19720304;982;110;489;1;228
19720304;612;555;"";1;229
19720304;6236;105;"";1;230
19720304;9182;208;"";1;231
19720306;982;379;"";1;232
19720306;1044;569;828;1;233
19720306;1193;1021;"";1;234
19720306;17373;658;695;1;235
19720306;323;819;468;1;236
19720307;22483;"";677;1;237
19720307;1525;585;601;1;238
19720307;2029;489;"";1;239
19720307;21;1056;"";1;240
19720308;73;858;"";1;241
19720308;2281;595;"";1;242
19720308;260;139;858;1;243
19720308;1284;661;"";1;244
19720308;295;903;"";1;245
19720309;43;569;468;1;246
19720309;24;95;103;1;247
19720309;571;1056;"";1;248
19720309;29;763;829;1;249
19720309;1603;761;468;1;250
19720309;317;1056;"";1;251
19720309;17108;763;"";1;252
19720310;1979;763;"";1;253
19720310;664;569;503;1;254
19720310;24;1056;"";1;255
19720313;24;209;"";1;256
19720313;21;835;"";1;257
19720313;1603;763;453;1;258
19720313;13;1056;"";1;259
19720313;2990;813;430;1;260
19720313;420;569;468;1;261
19720313;155;188;167;1;262
19720313;1308;762;"";1;263
19720313;10526;829;826;1;264
19720314;1943;430;238;1;265
19720314;15586;763;569;1;266
19720314;799;428;232;1;267
19720314;510;430;569;1;268
19720315;4797;819;"";1;269
19720315;6541;813;"";1;270
19720315;1591;763;"";1;271
19720315;238;430;"";1;272
19720315;33;1056;"";1;273
19720315;799;108;103;1;274
19720315;359;569;468;1;275
19720315;33;1056;"";1;276
19720315;1372;813;"";1;277
19720315;175;327;"";1;278
19720315;20469;233;569;1;279
19720316;688;472;"";1;280
19720316;82;103;609;1;281
19720316;14704;265;265;1;282
19720316;1611;555;569;1;283
19720317;103;428;909;1;284
19720317;1287;430;813;1;285
19720317;2454;89;88;1;286
19720317;2786;1056;"";1;287
19720317;295;188;"";1;288
19720317;3347;763;"";1;289
19720317;19547;813;430;1;290
19720317;308;903;468;1;291
19720317;13;1056;"";1;292
19720318;261;1056;"";1;293
19720318;100;461;"";1;294
19720318;2990;569;661;1;295
19720318;553;616;569;1;296
19720320;295;766;"";1;297
19720320;615;648;"";1;298
19720320;43;762;625;1;299
19720320;1803;1032;"";1;300
19720321;82;1056;"";1;301
19720321;982;569;"";1;302
19720321;100;516;569;1;303
19720321;6170;574;"";1;304
19720321;3347;1056;"";1;305
19720321;2990;1056;"";1;306
19720321;1023;388;468;1;307
19720321;1603;813;"";1;308
19720321;10;1056;"";1;309
19720321;1888;569;"";1;310
19720322;4797;569;468;1;311
19720322;416;579;468;1;312
19720322;688;607;589;1;313
19720322;295;1056;"";1;314
19720322;359;1056;"";1;315
19720322;6236;1032;"";1;316
19720322;342;1056;"";1;317
19720322;14383;813;"";1;318
19720322;1320;1056;"";1;319
19720322;82;513;99;1;320
19720322;799;1056;"";1;321
19720323;82;813;"";1;322
19720323;287;1056;"";1;323
19720323;1023;763;"";1;324
19720323;3105;847;"";1;325
19720324;1819;1056;"";1;326
19720325;2990;521;"";1;327
19720325;12857;569;468;1;328
19720325;502;188;"";1;329
19720325;1171;569;"";1;330
19720325;342;489;103;1;331
19720325;3244;569;"";1;332
19720325;1585;1056;"";1;333
19720325;982;928;"";1;334
19720327;59;704;"";1;335
19720327;21;310;"";1;336
19720327;3347;769;"";1;337
19720327;4108;763;"";1;338
19720328;82;762;"";1;339
19720328;131;445;"";1;340
19720328;925;388;389;1;341
19720328;1349;713;"";1;342
19720328;1293;1056;"";1;343
19720328;5018;650;"";1;344
19720329;212;1056;"";1;345
19720329;579;132;139;1;346
19720329;212;1056;"";1;347
19720329;22009;813;"";1;348
19720329;6236;788;"";1;349
19720329;8470;376;378;1;350
19720329;295;1011;"";1;351
19720329;1456;704;813;1;352
19720330;5211;430;439;1;353
19720330;1796;291;"";1;354
19720330;1109;829;"";1;355
19720330;6883;430;569;1;356
19720330;2521;564;"";1;357
19720330;1585;928;"";1;358
19720330;1401;676;695;1;359
19720330;176;430;"";1;360
19720330;175;569;468;1;361
19720401;2531;762;"";1;362
19720401;777;36;141;1;363
19720401;184;569;555;1;364
19720401;1030;413;"";1;365
19720401;1979;569;819;1;366
19720401;982;828;"";1;367
19720401;1996;569;468;1;368
19720401;299;1056;"";1;369
19720403;982;1056;"";1;370
19720404;2029;763;"";1;371
19720405;11775;102;"";1;372
19720405;38;1056;"";1;373
19720405;1032;1056;"";1;374
19720405;1585;766;"";1;375
19720406;13768;805;"";1;376
19720406;1485;763;677;1;377
19720406;21654;903;"";1;378
19720406;2990;468;"";1;379
19720406;1284;518;"";1;380
19720406;1171;1056;"";1;381
19720406;2102;569;468;1;382
19720406;21;1056;"";1;383
19720406;3347;903;"";1;384
19720406;22009;763;813;1;385
19720406;1549;408;"";1;386
19720406;115;1056;"";1;387
19720406;2521;468;"";1;388
19720407;242;520;507;1;389
19720407;2990;916;829;1;390
19720407;6549;699;"";1;391
19720407;1570;395;"";1;392
19720407;3347;"";"";1;393
19720407;1284;105;95;1;394
19720407;1284;829;"";1;395
19720408;948;164;517;1;396
19720408;2280;159;375;1;397
19720408;185;569;"";1;398
19720408;2572;160;430;1;399
19720408;6459;569;847;1;400
19720410;1603;1056;"";1;401
19720410;29;1056;"";"";402
19720410;4899;562;569;1;403
19720410;1603;334;154;"";404
19720410;1888;762;"";1;405
19720411;10297;569;846;1;406
19720411;2990;928;928;1;407
19720411;1603;219;"";1;408
19720411;15378;139;520;1;409
19720411;362;569;"";1;410
19720412;287;"";"";"";411
19720412;777;388;"";1;412
19720412;688;468;"";1;413
19720412;344;1056;"";1;414
19720412;982;1056;"";1;415
19720412;79;699;"";"";416
19720412;59;1056;"";1;417
19720412;33;1056;"";"";418
19720412;176;430;"";1;419
19720413;1723;762;"";1;420
19720413;825;233;"";1;421
19720413;29;777;789;1;422
19720413;10716;704;"";1;423
19720414;688;1056;"";1;424
19720414;1762;444;847;1;425
19720414;287;542;569;"";426
19720414;1284;430;815;1;427
19720414;218;848;"";1;428
19720414;184;116;"";1;429
19720414;636;819;"";1;430
19720414;3144;788;"";1;431
19720414;13536;609;"";1;432
19720414;29;336;534;1;433
19720414;362;389;"";1;434
19720414;985;430;788;1;435
19720415;6236;829;"";1;436
19720415;2765;928;428;1;437
19720415;1576;762;"";1;438
19720415;688;1056;"";1;439
19720415;5297;813;"";1;440
19720415;799;1056;"";1;441
19720417;2044;827;"";1;442
19720417;1284;389;"";1;443
19720417;2990;"";"";1;444
19720417;6031;763;"";1;445
19720418;14654;"";762;1;446
19720418;103;841;428;1;447
19720418;2990;762;"";1;448
19720419;982;569;468;1;449
19720419;877;676;"";1;450
19720419;1145;379;444;1;451
19720419;21;1056;"";1;452
19720419;10;1056;"";1;453
19720419;1284;494;"";1;454
19720420;344;1056;"";1;455
19720420;1030;813;"";1;456
19720420;15421;"";"";1;457
19720420;948;569;468;1;458
19720420;1269;1056;"";1;459
19720420;750;569;"";1;460
19720420;412;1056;"";1;461
19720421;6236;569;"";1;462
19720422;6195;1056;"";1;463
19720424;73;705;"";1;464
19720424;1327;690;"";1;465
19720424;2577;430;762;1;466
19720424;982;762;"";1;467
19720424;1171;"";"";1;468
19720425;1284;40;"";1;469
19720425;5808;909;711;1;470
19720426;218;430;439;1;471
19720426;1689;600;553;1;472
19720426;723;539;"";1;473
19720426;47;1056;"";1;474
19720426;29;1056;"";1;475
19720426;3347;1056;"";1;476
19720426;1287;841;"";1;477
19720426;8741;789;"";1;478
19720426;373;105;"";1;479
19720427;730;1056;"";1;480
19720428;295;661;676;1;481
19720428;218;569;"";1;482
19720428;693;661;676;1;483
19720428;6324;430;813;1;484
19720428;3158;375;389;1;485
19720428;1308;762;"";1;486
19720428;6236;428;453;1;487
19720428;14426;1056;"";1;488
19720429;43;204;553;1;489
19720429;238;762;569;1;490
19720502;19328;813;"";1;491
19720502;1023;569;468;1;492
19720502;884;1056;"";1;493
19720502;510;"";"";1;494
19720502;1498;763;"";1;495
19720502;2881;762;835;1;496
19720502;7662;569;"";1;497
19720502;47;534;556;1;498
19720502;29;518;763;1;499
19720502;1401;569;"";1;500
19720503;17534;769;"";1;501
19720503;99;1056;"";1;502
19720503;49;468;569;1;503
19720503;164;484;"";1;504
19720503;21;1056;"";1;505
19720503;70;1056;"";1;506
19720503;3244;113;"";1;507
19720503;212;762;"";1;508
19720503;1284;788;"";1;509
19720503;99;116;"";1;510
19720503;29;1056;"";1;511
19720503;29;762;"";1;512
19720503;1099;763;"";1;513
19720504;7245;825;"";"";514
19720504;242;569;"";1;515
19720504;14856;1056;"";1;516
19720504;13793;828;"";1;517
19720505;342;327;278;"";518
19720506;13776;569;468;1;519
19720506;317;1056;"";1;520
19720508;12;1056;"";1;521
19720508;388;760;"";1;522
19720508;799;1056;"";1;523
19720508;21;1056;"";1;524
19720508;1511;676;"";1;525
19720509;2289;704;"";1;526
19720509;15157;496;"";1;527
19720509;168;569;468;1;528
19720509;419;534;"";1;529
19720509;29;388;389;1;530
19720509;2933;569;468;1;531
19720509;5466;497;468;1;532
19720509;608;257;"";1;533
19720509;784;569;"";1;534
19720509;21;1056;"";"";535
19720509;91;430;"";1;536
19720510;21;363;"";1;537
19720510;103;1056;"";1;538
19720510;18049;763;569;1;539
19720510;1603;704;"";1;540
19720510;175;762;"";1;541
19720511;688;105;609;1;542
19720511;6634;903;"";1;543
19720511;825;430;"";1;544
19720511;70;378;"";1;545
19720511;35;569;555;1;546
19720512;4552;801;468;1;547
19720512;14187;928;"";1;548
19720512;103;829;"";1;549
19720512;688;103;"";1;550
19720512;1888;762;713;1;551
19720513;218;504;296;1;552
19720513;688;430;444;1;553
19720513;175;1056;"";1;554
19720513;2144;762;"";1;555
19720513;176;498;"";1;556
19720513;8;794;"";1;557
19720515;2990;676;"";1;558
19720515;124;569;468;1;559
19720515;982;777;569;1;560
19720515;3192;556;"";1;561
19720515;6958;573;"";1;562
19720515;982;574;468;1;563
19720515;799;763;"";1;564
19720515;2258;555;430;1;565
19720515;5365;534;569;1;566
19720516;38;841;468;1;567
19720516;2213;431;1056;1;568
19720516;29;762;"";1;569
19720516;1171;569;"";1;570
19720516;96;569;900;1;571
19720517;2590;139;"";1;572
19720517;29;619;494;1;573
19720517;1603;468;"";1;574
19720517;6264;502;"";1;575
19720517;82;444;"";1;576
19720517;287;762;"";1;577
19720517;21;801;"";1;578
19720517;249;219;217;1;579
19720517;245;250;"";1;580
19720517;409;858;"";1;581
19720518;29;1056;"";1;582
19720518;2765;324;327;1;583
19720518;2990;813;"";1;584
19720518;82;395;494;1;585
19720518;219;1056;"";1;586
19720518;18966;569;"";1;587
19720518;957;864;598;1;588
19720518;2543;430;762;1;589
19720518;4762;569;468;1;590
19720518;82;1056;"";1;591
19720518;2990;813;"";1;592
19720518;1603;829;"";1;593
19720518;4552;676;388;1;594
19720518;496;430;"";1;595
19720518;4797;829;835;1;596
19720519;1424;38;468;1;597
19720519;1228;160;"";1;598
19720519;581;569;858;1;599
19720519;29;379;"";1;600
19720519;29;1056;"";1;601
19720520;24;968;"";1;602
19720520;1183;103;"";1;603
19720522;5099;794;"";1;604
19720522;481;815;"";1;605
19720522;18544;1056;"";"";606
19720522;688;352;355;"";607
19720522;3754;813;829;1;608
19720523;1485;841;"";1;609
19720523;49;1056;"";"";610
19720523;287;609;"";1;611
19720523;1943;430;"";1;612
19720523;22196;1056;"";1;613
19720523;22196;103;"";1;614
19720523;17108;828;569;1;615
19720523;10;1056;"";1;616
19720523;155;136;139;1;617
19720523;1023;615;605;1;618
19720523;5466;569;769;1;619
19720524;24;1011;"";1;620
19720524;59;569;"";1;621
19720524;2568;763;762;1;622
19720524;102;539;468;1;623
19720524;43;553;552;1;624
19720524;207;1056;"";1;625
19720525;175;1056;"";1;626
19720525;6031;763;"";1;627
19720525;5404;667;689;1;628
19720525;362;444;428;1;629
19720525;76;877;"";1;630
19720525;29;762;"";1;631
19720525;1930;1056;"";1;632
19720525;450;704;"";1;633
19720525;8405;503;468;1;634
19720525;982;739;530;1;635
19720525;10;1056;"";1;636
19720526;1401;842;569;1;637
19720526;287;813;"";1;638
19720526;82;1056;"";1;639
19720529;192;119;555;1;640
19720529;4552;747;739;1;641
19720529;1291;468;"";1;642
19720529;4023;720;"";1;643
19720529;481;95;488;1;644
19720529;176;555;"";1;645
19720529;2258;813;"";1;646
19720529;435;858;468;1;647
19720529;982;1056;"";1;648
19720529;73;747;588;1;649
19720530;2029;569;"";1;650
19720530;414;388;"";1;651
19720530;287;"";"";"";652
19720530;636;518;"";1;653
19720530;484;762;819;1;654
19720531;261;609;"";1;655
19720531;8;468;"";1;656
19720531;2700;439;"";1;657
19720531;1766;569;"";1;658
19720601;295;1056;"";1;659
19720601;954;558;"";1;660
19720601;47;542;"";1;661
19720601;4494;271;"";1;662
19720601;419;690;"";1;663
19720601;9426;1056;"";1;664
19720601;800;762;"";1;665
19720601;243;569;"";1;666
19720601;1621;556;569;1;667
19720602;982;1056;"";1;668
19720602;21;835;"";1;669
19720602;6236;813;"";1;670
19720602;21;1056;"";1;671
19720602;982;"";"";"";672
19720602;1621;555;"";1;673
19720603;287;893;762;1;674
19720605;212;516;616;1;675
19720605;181;569;"";1;676
19720605;982;"";"";1;677
19720605;1596;430;"";1;678
19720605;2521;1012;"";1;679
19720605;6923;555;"";1;680
19720605;3147;676;"";1;681
19720606;12;1056;"";1;682
19720606;1401;430;431;1;683
19720606;1585;704;"";1;684
19720606;1;397;"";1;685
19720606;688;534;582;1;686
19720607;1284;903;"";1;687
19720607;176;232;"";1;688
19720607;2795;909;"";1;689
19720607;664;440;"";1;690
19720607;834;841;"";1;691
19720608;799;468;"";1;692
19720608;1680;1017;"";1;693
19720609;1829;770;"";1;694
19720609;2990;813;"";1;695
19720609;693;813;"";1;696
19720609;1603;555;"";1;697
19720609;1342;763;"";1;698
19720609;4552;660;"";1;699
19720609;412;1056;"";1;700
19720609;750;518;"";1;701
19720609;11973;763;"";1;702
19720609;74;389;"";1;703
19720609;13789;556;"";1;704
19720609;1979;468;"";1;705
19720609;3535;763;"";1;706
19720610;82;518;"";1;707
19720610;48;1056;"";1;708
19720610;23;233;"";1;709
19720610;43;310;"";1;710
19720612;14426;430;444;1;711
19720613;73;763;"";1;712
19720613;19154;696;667;1;713
19720613;287;569;468;"";714
19720614;1284;813;"";1;715
19720614;242;453;430;1;716
19720614;295;430;"";1;717
19720614;12;836;841;"";718
19720614;33;676;661;1;719
19720614;1030;569;"";1;720
19720615;2077;569;"";1;721
19720615;11929;762;"";1;722
19720615;15148;961;"";1;723
19720615;10;97;"";1;724
19720615;317;676;"";1;725
19720616;20836;233;"";1;726
19720616;1287;556;"";1;727
19720616;8546;694;"";1;728
19720616;636;972;968;1;729
19720616;261;1056;"";1;730
19720616;82;361;"";1;731
19720616;20922;813;"";1;732
19720616;47;1056;"";1;733
19720616;12040;676;"";1;734
19720616;29;762;"";1;735
19720617;317;1056;"";1;736
19720617;29;1056;"";1;737
19720619;3347;"";"";1;738
19720619;688;813;"";1;739
19720619;4552;762;"";1;740
19720619;13831;339;"";1;741
19720620;3545;1047;1047;1;742
19720620;29;1056;"";1;743
19720620;3263;762;"";1;744
19720621;5435;359;"";1;745
19720622;95;222;"";1;746
19720622;1603;762;"";1;747
19720622;22433;909;"";1;748
19720622;1415;569;"";1;749
19720622;38;95;"";1;750
19720622;12;769;"";1;751
19720622;29;762;"";1;752
19720622;21;1056;"";1;753
19720622;809;1056;"";1;754
19720623;2408;907;"";1;755
19720623;407;1056;"";1;756
19720623;82;468;"";1;757
19720623;29;813;"";1;758
19720623;33;1056;"";1;759
19720623;13793;829;"";1;760
19720623;1930;619;"";1;761
19720623;155;395;"";1;762
19720623;1284;769;"";1;763
19720623;20044;813;"";1;764
19720624;2521;375;"";1;765
19720626;3190;828;534;1;766
19720626;2029;395;"";1;767
19720626;33;489;"";1;768
19720626;216;428;"";1;769
19720627;1401;667;676;"";770
19720627;3190;103;"";1;771
19720627;2213;329;"";1;772
19720627;73;762;"";1;773
19720627;2144;296;"";1;774
19720627;29;762;"";1;775
19720627;70;769;"";1;776
19720627;73;430;"";1;777
19720628;688;499;500;1;778
19720628;42;569;"";1;779
19720628;21;819;"";1;780
19720628;13767;813;"";1;781
19720628;1979;176;"";1;782
19720628;42;1056;"";1;783
19720628;19362;550;631;1;784
19720628;399;388;"";1;785
19720628;47;704;"";1;786
19720628;8525;762;"";1;787
19720629;43;452;"";1;788
19720629;4552;240;"";1;789
19720629;21;1056;"";"";790
19720629;409;389;"";1;791
19720630;76;1056;"";1;792
19720630;982;1056;"";1;793
19720630;368;324;445;1;794
19720630;688;535;"";1;795
19720630;12031;572;"";1;796
19720630;1501;488;"";1;797
19720701;43;468;"";1;798
19720701;6725;928;"";1;799
19720701;17466;497;"";1;800
19720701;1873;534;"";1;801
19720701;1171;430;468;1;802
19720701;8364;1056;"";1;803
19720701;21;858;"";1;804
19720703;1284;813;819;1;805
19720703;21;1056;"";1;806
19720703;733;569;"";1;807
19720703;175;1056;"";1;808
19720703;1284;903;"";1;809
19720703;7863;704;"";1;810
19720703;359;762;211;1;811
19720704;799;569;468;1;812
19720704;114;7;"";1;813
19720704;2258;833;858;1;814
19720704;1342;569;"";1;815
19720705;927;446;847;1;816
19720705;155;825;"";"";817
19720705;73;762;"";1;818
19720705;399;360;763;1;819
19720705;9705;676;658;1;820
19720705;5003;103;"";1;821
19720705;21;805;"";1;822
19720705;982;762;"";1;823
19720706;13252;539;375;1;824
19720706;799;762;"";1;825
19720706;7797;534;"";1;826
19720706;1136;569;468;1;827
19720706;3347;762;"";1;828
19720706;1611;569;909;1;829
19720706;596;428;375;1;830
19720706;825;97;"";1;831
19720706;698;650;"";1;832
19720706;2114;676;835;1;833
19720706;175;763;"";1;834
19720707;21;1056;"";1;835
19720707;82;788;763;1;836
19720707;42;1056;"";1;837
19720707;261;1056;"";1;838
19720707;3414;909;"";"";839
19720707;14428;595;"";1;840
19720707;1023;569;468;1;841
19720708;6947;769;788;1;842
19720710;799;676;393;1;843
19720710;502;1056;"";1;844
19720710;21;762;"";1;845
19720710;175;1056;"";1;846
19720710;6115;762;"";1;847
19720711;414;569;488;1;848
19720711;792;676;388;1;849
19720711;1228;556;"";1;850
19720711;2279;569;"";1;851
19720711;29;569;"";1;852
19720711;38;841;"";1;853
19720711;41;762;"";1;854
19720711;723;762;761;1;855
19720711;1291;664;"";"";856
19720711;2786;468;488;1;857
19720711;21;761;"";1;858
19720711;15249;546;"";1;859
19720712;605;569;"";1;860
19720712;33;766;"";1;861
19720712;9052;344;648;1;862
19720713;537;909;"";1;863
19720713;155;555;813;1;864
19720713;21;1056;"";"";865
19720713;6236;395;397;1;866
19720713;954;569;763;1;867
19720713;21;791;"";"";868
19720713;295;1056;"";1;869
19720713;155;430;"";"";870
19720713;7050;391;"";1;871
19720713;21;1056;"";1;872
19720714;1284;1056;"";1;873
19720714;38;767;"";1;874
19720714;1023;813;"";1;875
19720714;414;557;560;1;876
19720714;13767;388;453;1;877
19720715;799;1056;"";1;878
19720715;14820;569;468;1;879
19720715;647;569;213;1;880
19720715;825;468;"";1;881
19720715;16836;763;"";1;882
19720715;21;1056;"";1;883
19720717;287;222;"";1;884
19720717;18087;696;847;1;885
19720717;29;762;"";1;886
19720717;7953;569;694;1;887
19720717;792;813;"";1;888
19720717;2990;676;"";1;889
19720717;1284;1056;"";1;890
19720717;1793;609;468;1;891
19720718;10;762;"";1;892
19720718;3347;1056;"";1;893
19720718;2029;1056;"";1;894
19720718;21;1056;"";1;895
19720718;24;1056;"";1;896
19720718;520;760;"";1;897
19720718;38;667;569;1;898
19720718;1648;801;"";1;899
19720718;5742;569;"";1;900
19720719;982;813;"";1;901
19720719;1456;763;"";"";902
19720719;1291;928;"";1;903
19720719;523;375;"";1;904
19720719;11198;771;"";1;905
19720720;5337;296;468;1;906
19720720;22759;546;"";1;907
19720720;1154;"";720;1;908
19720720;20780;569;574;1;909
19720720;925;1056;"";1;910
19720720;3244;705;"";1;911
19720720;1186;1056;"";1;912
19720720;982;813;"";1;913
19720720;982;1056;"";1;914
19720720;79;1056;"";1;915
19720720;287;468;"";1;916
19720721;6692;444;842;1;917
19720721;1109;468;363;1;918
19720721;253;858;"";1;919
19720722;3571;382;"";1;920
19720722;2811;468;"";1;921
19720722;688;480;616;1;922
19720722;489;813;"";1;923
19720722;13487;569;828;1;924
19720724;8092;413;"";1;925
19720724;73;574;468;1;926
19720724;1171;1056;"";1;927
19720724;10;650;"";1;928
19720724;2990;762;"";1;929
19720725;82;1056;"";1;930
19720725;8741;789;"";1;931
19720725;1603;1056;"";1;932
19720725;285;468;"";1;933
19720725;29;968;"";1;934
19720725;14856;468;"";1;935
19720726;13793;763;846;1;936
19720726;220;819;"";1;937
19720726;49;567;119;1;938
19720726;155;494;815;1;939
19720726;124;864;388;1;940
19720726;208;1056;"";1;941
19720726;1023;586;762;1;942
19720726;687;1056;"";1;943
19720727;73;813;"";1;944
19720727;473;555;468;1;945
19720727;768;430;"";1;946
19720727;1293;555;"";1;947
19720727;583;37;"";1;948
19720727;2029;1056;"";1;949
19720727;692;813;"";1;950
19720727;484;233;"";1;951
19720727;1023;903;468;1;952
19720727;1812;569;"";1;953
19720727;73;813;"";1;954
19720727;73;762;"";1;955
19720728;16205;203;"";1;956
19720728;1888;970;762;1;957
19720728;285;242;"";1;958
19720728;777;398;"";1;959
19720728;22436;517;"";1;960
19720728;72;569;"";1;961
19720728;688;555;"";1;962
19720728;954;762;"";1;963
19720728;49;903;"";1;964
19720728;13295;376;"";1;965
19720728;693;388;"";1;966
19720731;2990;418;"";1;967
19720731;163;395;397;1;968
19720731;982;507;"";1;969
19720731;1456;813;"";1;970
19720731;21;676;"";1;971
19720731;3244;762;"";1;972
19720731;43;762;"";1;973
19720801;799;762;"";1;974
19720801;5099;806;"";1;975
19720801;2171;770;"";1;976
19720801;76;430;569;1;977
19720802;1456;569;468;1;978
19720802;12;468;"";1;979
19720802;323;592;"";1;980
19720802;750;819;"";1;981
19720802;370;1011;"";1;982
19720802;21;339;339;1;983
19720802;2321;74;"";1;984
19720803;73;763;"";1;986
19720803;412;762;"";1;987
19720803;1585;1056;"";1;988
19720803;12996;813;"";1;989
19720803;2029;928;847;1;990
19720803;1212;1056;"";1;991
19720804;1603;762;"";1;992
19720804;10;569;468;1;993
19720804;2786;593;"";1;994
19720804;982;650;"";1;995
19720804;982;763;"";1;996
19720805;141;1056;"";1;997
19720805;33;1056;"";1;998
19720805;73;430;439;1;999
19720805;799;715;139;1;1000
19720807;295;704;"";1;1001
19720808;379;815;"";1;1002
19720808;143;430;"";1;1003
19720808;1585;572;"";1;1004
19720808;1991;1056;"";1;1005
19720808;1284;467;823;1;1006
19720808;948;813;"";1;1007
19720808;82;569;611;1;1008
19720810;6541;903;"";1;1009
19720810;3347;569;"";1;1010
19720811;1841;841;668;1;1011
19720811;1706;1056;"";1;1012
19720811;82;569;468;1;1013
19720811;155;392;828;1;1014
19720811;3244;813;769;1;1015
19720811;12;569;430;1;1016
19720811;636;569;468;1;1017
19720811;295;1056;"";1;1018
19720812;688;676;567;1;1019
19720814;1603;242;"";1;1020
19720814;927;928;561;1;1021
19720814;399;819;769;1;1022
19720814;1942;169;828;1;1023
19720814;825;569;468;1;1024
19720814;3158;815;"";1;1025
19720814;17346;269;467;1;1026
19720815;6541;762;813;1;1027
19720815;854;841;"";1;1028
19720815;42;430;813;1;1029
19720815;688;569;801;1;1030
19720816;1585;609;612;1;1031
19720816;3190;208;"";1;1032
19720816;287;841;569;1;1033
19720816;799;916;762;1;1034
19720816;82;903;"";1;1035
19720816;758;813;439;1;1036
19720816;982;805;"";1;1037
19720816;261;1056;"";1;1038
19720816;489;1056;"";"";1039
19720817;24;760;"";1;1040
19720817;21228;468;"";1;1041
19720817;13767;209;"";1;1042
19720817;596;569;828;1;1043
19720817;76;569;468;1;1044
19720818;3295;928;"";1;1045
19720818;9182;827;103;1;1046
19720818;29;801;695;1;1047
19720818;2568;762;"";1;1048
19720818;17174;819;530;1;1049
19720818;29;828;"";1;1050
19720818;373;569;828;1;1051
19720818;38;569;468;1;1052
19720818;1447;556;"";1;1053
19720818;13;1056;"";1;1054
19720819;1978;763;763;1;1055
19720819;6323;569;468;1;1056
19720819;3188;1056;"";1;1057
19720819;38;762;"";1;1058
19720821;82;928;"";1;1059
19720821;82;763;1056;1;1060
19720821;4067;770;"";1;1061
19720821;1291;188;"";"";1062
19720821;2077;763;"";1;1063
19720821;1723;769;569;1;1064
19720822;5165;1056;"";1;1065
19720822;20922;569;"";1;1066
19720822;1342;676;695;1;1067
19720822;4104;858;569;1;1068
19720822;1926;763;928;1;1069
19720822;175;813;763;1;1070
19720822;1598;1056;"";1;1071
19720822;631;388;"";1;1072
19720823;1171;769;813;1;1073
19720823;82;569;468;1;1074
19720823;799;829;569;1;1075
19720823;8539;813;569;1;1076
19720823;4552;397;569;1;1077
19720823;2388;569;468;1;1078
19720823;5466;233;569;1;1079
19720823;11603;446;337;1;1080
19720823;5337;619;"";1;1081
19720823;21999;468;903;1;1082
19720823;17174;676;"";1;1083
19720823;185;1056;"";1;1084
19720823;982;903;"";1;1085
19720823;9013;762;569;1;1086
19720823;4552;763;"";1;1087
19720824;460;829;"";1;1088
19720824;982;819;815;1;1089
19720824;8364;903;695;1;1090
19720824;82;813;439;1;1091
19720824;18880;438;658;1;1092
19720824;103;1056;"";1;1093
19720824;2367;841;473;1;1094
19720824;3347;762;813;1;1095
19720825;13783;763;795;1;1096
19720825;29;762;"";1;1097
19720825;5466;676;375;1;1098
19720825;3244;762;"";1;1099
19720825;5099;903;"";1;1100
19720825;6031;763;"";1;1101
19720826;24;430;212;1;1102
19720826;2811;132;163;1;1103
19720826;612;488;828;1;1104
19720828;9793;763;815;1;1105
19720828;21;1056;"";1;1106
19720828;1171;762;"";1;1107
19720828;2869;281;296;1;1108
19720828;59;1056;"";1;1109
19720828;2328;762;"";1;1110
19720828;79;1056;"";1;1111
19720828;100;569;375;1;1112
19720828;2124;567;468;1;1113
19720828;15341;116;"";1;1114
19720829;1284;391;"";1;1115
19720829;5165;769;468;1;1116
19720829;139;819;813;1;1117
19720829;596;819;"";1;1118
19720829;212;555;116;1;1119
19720829;7037;819;569;1;1120
19720829;3063;439;695;1;1121
19720829;21;1056;"";1;1122
19720829;798;1056;"";1;1123
19720830;82;907;828;1;1124
19720830;2990;762;"";1;1125
19720830;688;569;468;1;1126
19720830;2144;763;"";1;1127
19720830;1611;430;694;1;1128
19720830;4702;858;"";1;1129
19720830;12227;556;375;1;1130
19720830;29;763;139;1;1131
19720830;2786;488;574;1;1132
19720830;777;762;813;1;1133
19720830;8741;"";"";1;1134
19720831;688;762;813;1;1135
19720831;489;1017;"";"";1136
19720831;1284;569;"";1;1137
19720901;12291;569;"";1;1138
19720901;73;765;"";1;1139
19720901;79;569;"";1;1140
19720901;24;813;815;1;1141
19720901;4895;909;"";1;1142
19720904;7291;1056;"";1;1143
19720904;7059;1056;"";1;1144
19720904;38;813;819;1;1145
19720904;7721;535;"";1;1146
19720904;1023;389;"";1;1147
19720904;21012;233;"";1;1148
19720904;9116;801;"";1;1149
19720904;29;676;"";1;1150
19720904;22196;1056;"";1;1151
19720904;799;556;"";1;1152
19720905;16970;676;379;1;1153
19720905;636;569;"";1;1154
19720905;97;569;468;1;1155
19720905;777;569;903;1;1156
19720905;1603;695;"";1;1157
19720905;661;858;"";1;1158
19720905;553;430;"";1;1159
19720905;6324;468;"";1;1160
19720905;1530;762;"";1;1161
19720905;6213;569;468;1;1162
19720906;12;430;"";1;1163
19720906;12895;763;569;1;1164
19720906;1603;917;"";1;1165
19720906;1232;468;"";1;1166
19720906;44;1056;"";1;1167
19720906;3576;291;"";1;1168
19720906;1888;569;"";1;1169
19720906;1284;825;"";"";1170
19720907;7245;522;"";1;1171
19720907;23519;430;"";1;1172
19720907;342;461;430;1;1173
19720907;10;1056;"";"";1174
19720908;17174;569;573;1;1175
19720908;13472;829;"";1;1176
19720908;21;1056;"";"";1177
19720908;4552;676;"";1;1178
19720908;21;1056;"";1;1179
19720908;1280;1056;"";1;1180
19720908;799;389;"";1;1181
19720909;310;504;468;1;1182
19720909;3576;498;"";1;1183
19720909;982;1056;"";1;1184
19720911;73;439;452;1;1185
19720911;2990;763;"";1;1186
19720911;59;762;"";1;1187
19720911;17939;1056;"";1;1188
19720911;2029;903;928;1;1189
19720911;750;1056;"";1;1190
19720911;2990;676;"";1;1191
19720911;2029;348;569;1;1192
19720911;2293;903;903;1;1193
19720911;1591;139;"";1;1194
19720911;155;588;590;1;1195
19720912;7958;430;375;1;1196
19720912;2273;762;"";1;1197
19720912;295;555;"";1;1198
19720912;342;204;"";1;1199
19720912;20359;762;762;1;1200
19720912;29;762;"";1;1201
19720913;1171;595;"";1;1202
19720913;3032;761;468;1;1203
19720914;1603;569;468;1;1204
19720914;2677;601;1032;1;1205
19720914;9013;1056;"";"";1206
19720914;1603;676;695;1;1207
19720914;302;762;"";1;1208
19720914;17352;468;"";1;1209
19720914;750;503;"";1;1210
19720914;8796;745;257;1;1211
19720914;141;1056;"";1;1212
19720914;155;762;762;1;1213
19720914;6888;1056;"";1;1214
19720915;10;428;"";1;1215
19720915;202;659;"";1;1216
19720915;29;534;"";1;1217
19720915;560;552;"";1;1218
19720915;103;375;"";1;1219
19720915;12977;788;"";1;1220
19720915;82;680;"";1;1221
19720915;76;193;"";1;1222
19720916;70;1028;"";1;1223
19720916;1706;1056;"";1;1224
19720916;8707;1056;"";1;1225
19720916;44;762;762;1;1226
19720916;10;819;"";1;1227
19720916;82;106;"";1;1228
19720916;1979;788;"";1;1229
19720918;688;813;"";1;1230
19720918;1095;569;468;1;1231
19720918;740;569;468;1;1232
19720918;7550;446;375;1;1233
19720918;1023;841;"";1;1234
19720918;1888;569;"";1;1235
19720918;33;1056;"";1;1236
19720918;723;829;"";1;1237
19720919;37;825;835;1;1238
19720919;1;1056;"";1;1239
19720919;636;1056;"";1;1240
19720919;1869;813;"";1;1241
19720919;636;488;"";1;1242
19720920;2144;468;569;1;1243
19720920;478;819;"";1;1244
19720920;16806;770;"";1;1245
19720920;19014;864;116;1;1246
19720920;59;801;"";1;1247
19720920;7860;829;569;1;1248
19720920;3821;418;"";1;1249
19720920;16489;569;556;1;1250
19720921;6324;762;"";1;1251
19720921;7244;813;"";1;1252
19720921;12;555;"";1;1253
19720921;21;1056;"";1;1254
19720922;10801;211;"";1;1255
19720922;1603;569;"";1;1256
19720922;5143;569;762;1;1257
19720922;948;556;468;1;1258
19720922;317;1056;"";1;1259
19720922;73;481;"";1;1260
19720922;74;430;928;1;1261
19720922;73;661;"";1;1262
19720922;44;813;"";1;1263
19720923;30;1056;"";1;1264
19720923;3502;116;"";1;1265
19720923;2285;762;"";1;1266
19720925;2786;569;"";1;1267
19720926;295;105;"";1;1268
19720926;2293;619;621;1;1269
19720926;948;903;"";1;1270
19720926;3347;484;569;1;1271
19720926;176;762;819;1;1272
19720926;4797;813;788;1;1273
19720927;481;569;601;1;1274
19720927;70;762;813;1;1275
19720927;799;704;1056;1;1276
19720927;43;255;554;1;1277
19720927;175;864;"";1;1278
19720927;13472;829;567;1;1279
19720928;4432;836;"";1;1280
19720928;378;375;595;1;1281
19720928;21;1056;"";1;1282
19720928;1284;609;468;1;1283
19720928;42;502;813;1;1284
19720928;1978;556;569;1;1285
19720929;362;461;1056;1;1286
19720929;799;430;"";1;1287
19720930;693;864;829;1;1288
19720930;11514;762;556;1;1289
19720930;295;386;"";1;1290
19720930;9011;388;555;1;1291
19720930;9957;"";316;1;1292
19720930;806;296;296;1;1293
19720930;12397;1056;"";1;1294
19720930;3519;310;344;1;1295
19720930;3361;430;439;1;1296
19721002;1284;903;648;1;1297
19721002;688;762;"";1;1298
19721002;359;895;"";1;1299
19721002;1143;903;"";1;1300
19721002;21;1056;"";1;1301
19721002;43;250;375;1;1302
19721002;8;762;813;1;1303
19721002;6541;762;"";1;1304
19721003;21;1056;"";1;1305
19721003;5102;546;569;1;1306
19721003;1621;569;430;1;1307
19721003;12033;762;"";1;1308
19721003;3347;762;"";1;1309
19721003;7819;928;819;1;1310
19721003;799;1056;"";1;1311
19721003;29;770;"";1;1312
19721004;1023;825;"";"";1313
19721004;12977;794;"";1;1314
19721004;185;1056;"";1;1315
19721004;2990;344;535;"";1316
19721004;481;468;569;1;1317
19721004;7721;1056;"";1;1318
19721004;21;650;"";1;1319
19721004;94;825;"";"";1320
19721004;3361;163;"";1;1321
19721005;688;903;695;1;1322
19721005;10510;504;285;1;1323
19721005;12577;401;401;1;1324
19721005;3;569;468;1;1325
19721005;3676;296;324;1;1326
19721005;2377;762;468;1;1327
19721005;379;1056;"";1;1328
19721006;42;468;569;1;1329
19721006;82;440;569;1;1330
19721006;723;794;762;1;1331
19721006;11187;201;553;1;1332
19721006;3347;503;"";1;1333
19721006;1284;473;555;1;1334
19721006;10;908;"";1;1335
19721006;2293;569;468;1;1336
19721006;295;848;"";"";1337
19721006;1019;556;594;1;1338
19721006;6324;813;430;1;1339
19721006;9592;619;615;1;1340
19721006;2990;846;"";"";1341
19721006;262;1056;"";"";1342
19721006;6576;619;"";1;1343
19721007;1284;903;"";1;1344
19721009;799;762;569;1;1345
19721009;261;819;762;1;1346
19721009;1688;695;664;1;1347
19721009;1504;624;569;1;1348
19721009;73;763;"";1;1349
19721009;4758;444;1032;1;1350
19721010;8970;564;"";1;1351
19721010;3144;762;"";1;1352
19721010;982;704;"";1;1353
19721010;43;36;165;1;1354
19721010;344;605;468;1;1355
19721010;3361;569;658;1;1356
19721010;1168;762;"";1;1357
19721010;3042;375;388;1;1358
19721011;1689;1056;"";1;1359
19721011;18049;545;503;1;1360
19721011;1603;95;516;1;1361
19721011;982;430;159;1;1362
19721011;12358;1056;"";1;1363
19721011;14159;430;"";1;1364
19721011;3794;676;695;1;1365
19721012;1059;585;453;1;1366
19721012;733;10;6;1;1367
19721012;7415;431;205;1;1368
19721012;12;375;569;1;1369
19721012;688;1056;"";1;1370
19721012;1284;569;61;1;1371
19721012;70;813;"";1;1372
19721013;1603;771;676;1;1373
19721013;74;188;617;1;1374
19721013;688;208;"";1;1375
19721013;317;903;"";1;1376
19721013;5332;763;468;1;1377
19721013;5090;763;"";1;1378
19721014;14697;1056;"";1;1379
19721014;1109;704;68;1;1380
19721014;3361;841;379;1;1381
19721014;5018;676;661;1;1382
19721014;2058;1056;"";1;1383
19721014;141;1056;"";1;1384
19721016;8133;609;105;1;1385
19721016;1456;516;546;1;1386
19721016;33;1056;"";1;1387
19721016;10;430;813;1;1388
19721016;370;36;518;1;1389
19721016;8967;829;"";1;1390
19721017;8741;"";"";1;1391
19721017;1501;1056;"";1;1392
19721017;33;430;439;1;1393
19721017;562;1056;"";1;1394
19721018;792;813;"";1;1395
19721018;13;557;"";1;1396
19721018;1632;1056;"";1;1397
19721018;1171;569;545;1;1398
19721018;688;375;"";1;1399
19721018;23171;534;556;1;1400
19721018;3519;534;569;1;1401
19721018;16486;569;909;1;1402
19721018;13;389;430;1;1403
19721018;5102;569;829;1;1404
19721018;18049;762;"";1;1405
19721018;58;763;"";1;1406
19721019;73;661;152;1;1407
19721019;799;495;468;1;1408
19721019;6598;813;468;1;1409
19721019;82;569;"";1;1410
19721019;6236;430;569;1;1411
19721020;688;813;569;1;1412
19721020;82;805;801;1;1413
19721020;1109;829;"";1;1414
19721020;1979;430;439;"";1415
19721020;1308;431;428;"";1416
19721020;10926;337;428;1;1417
19721020;2029;26;555;1;1418
19721020;1293;1056;"";1;1419
19721020;159;36;220;1;1420
19721021;82;578;497;1;1421
19721021;3361;569;539;1;1422
19721021;21;813;430;1;1423
19721021;1171;"";695;1;1424
19721023;82;569;1056;1;1425
19721023;5212;132;518;1;1426
19721023;24;1056;"";1;1427
19721023;95;242;"";1;1428
19721024;1023;658;662;1;1429
19721024;1485;848;693;"";1430
19721024;12;1056;"";1;1431
19721024;29;569;468;1;1432
19721024;99;557;430;1;1433
19721024;5223;572;704;1;1434
19721024;8;262;363;1;1435
19721024;1284;829;"";1;1436
19721024;342;699;704;1;1437
19721024;362;893;534;1;1438
19721025;287;806;794;1;1439
19721026;409;1056;"";1;1440
19721026;2027;1056;"";1;1441
19721027;799;388;676;1;1442
19721027;693;678;687;1;1443
19721027;21;1056;"";1;1444
19721027;896;1056;"";1;1445
19721027;954;801;778;1;1446
19721027;287;761;769;1;1447
19721028;845;542;378;1;1448
19721028;539;444;569;1;1449
19721028;1603;103;609;1;1450
19721028;2258;829;953;1;1451
19721030;24;1056;"";1;1452
19721030;14881;858;715;1;1453
19721030;2029;704;709;1;1454
19721030;982;829;769;1;1455
19721031;982;569;222;1;1456
19721031;73;609;413;1;1457
19721031;1342;847;439;1;1458
19721031;2591;903;"";1;1459
19721101;4762;696;676;1;1460
19721101;414;605;"";1;1461
19721101;6541;680;"";1;1462
19721101;82;556;"";1;1463
19721101;103;771;"";1;1464
19721101;2990;819;"";1;1465
19721101;262;781;"";1;1466
19721101;1664;430;"";1;1467
19721101;6236;695;"";1;1468
19721102;1044;539;392;1;1469
19721102;5466;327;"";1;1470
19721102;982;763;"";1;1471
19721102;16410;430;841;1;1472
19721103;82;569;"";1;1473
19721103;103;1056;"";1;1474
19721103;18142;667;"";1;1475
19721103;21;1056;"";1;1476
19721106;70;569;"";1;1477
19721106;13;770;"";1;1478
19721106;242;569;"";1;1479
19721106;2306;1056;"";1;1480
19721106;2990;379;375;1;1481
19721106;103;430;"";1;1482
19721106;82;815;"";"";1483
19721106;7370;813;762;1;1484
19721107;2677;569;"";1;1485
19721107;4552;763;"";1;1486
19721107;1872;447;907;1;1487
19721109;2990;"";"";1;1488
19721109;1514;588;590;1;1489
19721109;1284;569;468;1;1490
19721109;8707;763;"";1;1491
19721109;17510;268;"";1;1492
19721109;777;115;"";1;1493
19721110;3347;794;"";1;1494
19721110;359;631;"";1;1495
19721110;723;339;"";1;1496
19721110;297;1056;"";1;1497
19721110;2293;569;"";1;1498
19721110;21;1056;"";"";1499
19721110;1758;285;531;1;1500
19721110;10716;704;711;1;1501
19721110;361;762;"";1;1502
19721110;313;95;569;1;1503
19721111;1603;762;468;1;1504
19721111;38;435;587;1;1505
19721111;82;705;705;1;1506
19721111;7836;813;819;1;1507
19721111;10;1056;"";1;1508
19721111;946;877;"";1;1509
19721111;12;569;"";1;1510
19721111;96;903;569;1;1511
19721113;409;583;"";1;1512
19721113;1186;555;"";1;1513
19721113;13117;428;909;1;1514
19721113;10;379;"";1;1515
19721113;6598;630;"";1;1516
19721113;11922;569;"";1;1517
19721113;1284;903;"";1;1518
19721113;82;704;"";1;1519
19721114;342;296;"";1;1520
19721114;33;771;"";1;1521
19721114;1888;762;"";1;1522
19721114;1163;560;430;1;1523
19721114;94;695;"";1;1524
19721114;2521;789;"";1;1525
19721114;723;468;"";1;1526
19721115;29;1056;"";1;1527
19721115;24;1056;"";1;1528
19721115;1398;569;813;1;1529
19721115;10;1056;"";1;1530
19721115;481;762;"";1;1531
19721115;299;1056;"";1;1532
19721115;1317;1056;"";1;1533
19721115;2258;747;"";1;1534
19721115;82;375;"";1;1535
19721115;1530;704;68;1;1536
19721115;562;1056;"";1;1537
19721116;70;430;"";1;1538
19721116;1023;569;"";1;1539
19721116;965;388;"";1;1540
19721116;948;763;813;1;1541
19721117;19339;762;"";1;1542
19721117;12;1056;"";1;1543
19721117;5466;569;"";1;1544
19721117;16407;569;"";1;1545
19721117;70;569;"";1;1546
19721117;1873;762;"";1;1547
19721117;59;1056;"";1;1548
19721118;799;569;763;1;1549
19721118;1284;813;"";1;1550
19721118;21754;479;"";1;1551
19721118;15157;829;"";1;1552
19721120;982;"";"";1;1553
19721120;24;763;"";1;1554
19721120;1585;496;621;1;1555
19721121;14187;569;468;1;1556
19721121;82;569;"";1;1557
19721121;295;569;"";1;1558
19721121;21;1056;"";1;1559
19721121;5412;539;534;1;1560
19721121;1930;695;"";1;1561
19721121;6236;789;"";1;1562
19721122;1710;819;468;1;1563
19721122;1023;624;569;1;1564
19721122;6031;813;"";1;1565
19721122;95;582;761;1;1566
19721122;1284;801;805;1;1567
19721122;982;762;"";1;1568
19721122;476;439;430;1;1569
19721122;14507;375;569;1;1570
19721122;1238;676;"";1;1571
19721122;2790;1056;"";1;1572
19721122;5082;569;"";1;1573
19721122;693;572;507;1;1574
19721123;21;1056;"";"";1575
19721123;169;704;"";1;1576
19721124;29;928;"";"";1577
19721124;7592;813;"";1;1578
19721124;688;676;468;1;1579
19721124;287;789;"";1;1580
19721124;175;1056;"";"";1581
19721124;1284;877;858;1;1582
19721124;16795;389;391;1;1583
19721124;1247;1056;"";1;1584
19721124;432;813;"";1;1585
19721124;155;801;"";1;1586
19721124;4199;829;"";1;1587
19721124;6409;1017;"";1;1588
19721124;3183;242;"";1;1589
19721125;1621;762;"";1;1590
19721125;82;696;"";1;1591
19721125;688;770;"";1;1592
19721125;43;569;210;1;1593
19721125;10;569;"";1;1594
19721125;29;1056;"";1;1595
19721125;2539;694;374;1;1596
19721125;1758;569;"";"";1597
19721127;287;789;"";1;1598
19721128;370;375;"";1;1599
19721128;1611;555;430;1;1600
19721128;636;762;"";1;1601
19721128;10170;788;"";1;1602
19721128;10994;569;"";1;1603
19721128;21;1056;"";1;1604
19721128;982;762;"";1;1605
19721128;1603;222;"";1;1606
19721128;1477;461;391;1;1607
19721128;1979;841;"";1;1608
19721128;1030;555;"";1;1609
19721129;2543;696;"";1;1610
19721129;521;569;"";1;1611
19721129;287;813;"";1;1612
19721129;82;139;"";1;1613
19721129;82;869;103;1;1614
19721129;100;1056;"";1;1615
19721129;287;815;"";1;1616
19721130;1284;704;"";1;1617
19721130;1930;1056;"";1;1618
19721130;4552;829;"";1;1619
19721130;1293;801;"";1;1620
19721130;29;763;762;1;1621
19721130;155;763;"";1;1622
19721130;79;569;"";1;1623
19721130;1171;819;"";1;1624
19721130;1;569;"";1;1625
19721130;2116;523;"";1;1626
19721130;414;762;829;1;1627
19721130;21;1023;"";1;1628
19721130;2452;569;"";1;1629
19721130;982;903;"";1;1630
19721201;688;569;"";1;1631
19721201;33;569;"";1;1632
19721201;954;"";"";"";1633
19721201;982;813;"";1;1634
19721201;7331;560;"";1;1635
19721202;29;379;"";1;1636
19721202;4279;650;"";1;1637
19721202;368;771;582;1;1638
19721202;2990;763;"";1;1639
19721202;1873;762;"";1;1640
19721202;1873;762;"";1;1641
19721204;82;569;"";1;1642
19721204;979;569;"";1;1643
19721204;12851;250;"";1;1644
19721204;3821;569;"";1;1645
19721205;76;569;"";1;1646
19721205;723;569;"";1;1647
19721205;155;829;"";1;1648
19721205;8760;531;"";1;1649
19721205;5081;569;468;1;1650
19721205;792;489;569;1;1651
19721205;1485;793;"";1;1652
19721205;1342;1056;"";1;1653
19721205;2543;676;"";1;1654
19721205;1023;813;"";1;1655
19721205;8882;864;"";1;1656
19721206;2600;762;762;1;1657
19721206;43;569;"";"";1658
19721206;3347;762;"";1;1659
19721206;103;169;"";1;1660
19721206;1284;520;530;1;1661
19721206;82;567;"";1;1662
19721207;73;444;"";1;1663
19721207;631;903;"";1;1664
19721207;1596;527;"";1;1665
19721207;21;1056;"";1;1666
19721208;2108;763;"";1;1667
19721208;1342;468;569;1;1668
19721208;4797;813;829;1;1669
19721208;2473;141;"";1;1670
19721208;2552;344;"";1;1671
19721208;29;813;"";1;1672
19721208;1501;1056;"";1;1673
19721208;688;555;468;1;1674
19721208;44;354;"";1;1675
19721209;317;766;"";1;1676
19721209;1784;661;"";1;1677
19721209;982;468;"";1;1678
19721209;76;569;"";1;1679
19721209;21;1056;"";1;1680
19721209;688;555;"";1;1681
19721209;2990;762;"";1;1682
19721211;16997;363;"";1;1683
19721211;29;134;"";1;1684
19721211;43;165;"";1;1685
19721212;16548;569;"";1;1686
19721212;4980;544;"";1;1687
19721212;175;1056;"";1;1688
19721212;799;569;"";1;1689
19721212;391;1056;"";1;1690
19721212;414;569;468;1;1691
19721212;82;704;"";1;1692
19721212;49;1056;"";1;1693
19721212;175;379;"";1;1694
19721212;1023;480;569;1;1695
19721212;1023;139;"";1;1696
19721212;982;645;"";1;1697
19721212;626;763;569;1;1698
19721212;2696;468;"";"";1699
19721212;22578;555;"";1;1700
19721212;6236;813;"";1;1701
19721212;414;569;468;1;1702
19721213;688;805;"";1;1703
19721213;155;569;"";"";1704
19721213;1603;813;"";1;1705
19721213;4894;829;"";1;1706
19721214;2146;324;503;1;1707
19721214;688;428;569;1;1708
19721214;688;763;"";1;1709
19721214;20815;762;762;1;1710
19721214;24;813;430;1;1711
19721214;4552;609;"";1;1712
19721214;4797;794;762;1;1713
19721214;43;762;"";1;1714
19721214;409;473;"";1;1715
19721214;88;430;"";1;1716
19721215;1284;569;468;1;1717
19721215;22240;762;"";1;1718
19721215;176;676;695;1;1719
19721215;22240;240;676;1;1720
19721215;15650;763;"";1;1721
19721215;4524;762;"";1;1722
19721215;3347;1056;"";1;1723
19721215;155;835;763;1;1724
19721215;82;569;"";1;1725
19721215;636;762;"";1;1726
19721216;220;909;430;1;1727
19721216;1284;903;"";1;1728
19721216;29;903;"";1;1729
19721216;14727;813;"";1;1730
19721216;723;917;"";1;1731
19721218;33;212;"";1;1732
19721218;287;"";"";"";1733
19721218;44;761;"";1;1734
19721218;76;815;"";1;1735
19721218;6541;676;"";1;1736
19721219;155;813;763;1;1737
19721219;2029;928;"";1;1738
19721219;1603;334;"";1;1739
19721219;1603;1056;"";1;1740
19721219;43;54;54;1;1741
19721219;3531;1056;"";1;1742
19721219;29;762;"";1;1743
19721219;799;430;"";1;1744
19721220;163;167;"";1;1745
19721220;21;209;"";1;1746
19721220;10;569;"";1;1747
19721220;1691;296;"";1;1748
19721220;143;1039;"";1;1749
19721220;1284;829;763;1;1750
19721221;29;762;"";1;1751
19721221;5466;569;468;1;1752
19721221;29;903;"";1;1753
19721221;1032;763;762;1;1754
19721221;13793;829;"";1;1755
19721221;688;801;"";1;1756
19721221;29;813;"";1;1757
19721222;155;1056;"";"";1758
19721222;21;676;695;1;1759
19721222;11259;375;250;1;1760
19721222;4051;789;"";1;1761
19721222;261;676;"";1;1762
19721222;1603;250;"";1;1763
19721222;24;819;"";1;1764
19721223;662;819;"";1;1765
19721223;82;1021;"";1;1766
19721223;688;813;"";1;1767
19721223;195;480;"";1;1768
19721223;295;682;"";1;1769
19721223;295;1056;"";1;1770
19721223;5018;660;"";1;1771
19721223;2990;664;903;"";1772
19721223;539;650;"";1;1773
19721223;21;1056;"";1;1774
19721226;688;762;"";1;1775
19721226;799;763;"";1;1776
19721226;982;569;"";1;1777
19721226;1401;676;"";1;1778
19721226;1346;903;"";1;1779
19721226;2454;713;"";1;1780
19721226;21;903;"";1;1781
19721227;73;511;"";1;1782
19721227;2990;290;"";1;1783
19721227;799;676;"";1;1784
19721227;2990;699;"";1;1785
19721227;47;1056;"";1;1786
19721227;5099;813;"";1;1787
19721227;1260;"";"";1;1788
19721227;5099;763;"";1;1789
19721227;6000;1056;"";1;1790
19721227;3347;"";"";1;1791
19721227;5102;569;"";1;1792
19721228;3105;468;676;1;1793
19721228;1030;523;"";1;1794
19721228;21;1056;"";1;1795
19721228;6930;439;444;1;1796
19721228;124;234;375;1;1797
19721228;6444;296;"";1;1798
19721228;4263;690;"";1;1799
19721228;13;1056;"";1;1800
19721228;409;555;"";1;1801
19721228;1946;116;"";1;1802
19721228;636;363;"";1;1803
19721228;3347;569;"";1;1804
19721228;5819;430;842;1;1805
19721229;76;819;"";1;1806
19721229;5466;569;"";1;1807
19721229;2279;400;"";1;1808
19721229;82;430;862;1;1809
19721229;21416;762;762;1;1810
19721229;4554;762;"";1;1811
19721229;824;928;928;1;1812
19721229;5099;"";"";1;1813
19721229;792;200;"";1;1814
19721229;12;1056;"";1;1815
19721229;2509;569;"";1;1816
19721230;76;558;"";1;1817
19721230;16486;569;"";1;1818
19721230;12;1056;"";1;1819
19721230;215;555;"";1;1820
19721230;2586;762;"";1;1821
19721230;1456;903;695;1;1822
19721230;82;542;"";1;1823
19721230;1023;544;507;1;1824
19721230;47;430;"";1;1825
19721230;19974;819;"";1;1826
19721230;588;453;569;1;1827
